Study_Hours,Attendance,Assignment_Avg,Internal_Mark,Sleep_Duration,Final_Mark
13.986856612044932,91.26177547531641,91.79226523903202,81.67541614249957,6.189786070030742,89.24223706028694
11.44694279531526,100.0,86.09560419495322,61.732214255071995,6.826577595141378,81.20050811063635
14.59075415240277,68.01432426180858,75.71556443904208,57.72701674866539,6.0490960948000465,70.35844393705477
18.092119425632102,87.62969236690572,67.23675866753311,69.94938313883571,6.630446164433152,79.00188092478568
11.063386501106656,75.49357430878173,83.37867976336308,67.44723066212607,4.727662399655458,68.49282843372333
11.063452172203277,77.12874616235304,79.72182462506099,63.201579260090874,7.255952448847526,69.39958326745614
18.316851262029566,76.07606075761132,85.74231864033278,80.44581171185072,7.001446570434669,100.0
15.069738916611636,73.36009230320184,82.62206162018363,84.32957812855766,6.019493642718171,89.052881532577
10.122102456260192,82.48521627944827,87.59463258383202,71.32610329437772,7.791094802118886,72.21067806528269
14.170240174343858,73.69049883588963,68.57717746127318,92.16295121582893,8.12508416515187,78.66942583060171
10.146329228750151,84.70456825779839,90.80872878761191,52.87466328799742,5.070928162757231,72.07380143795177
10.137080985718972,81.49761890550863,77.3711952563088,67.09510811080423,6.084730265720543,74.27207007363604
,79.6105195313359,99.90313047150319,59.247665190957925,6.077029180255242,80.27262095340207
4.346879021368808,72.92436337958402,66.72974618292518,42.0019507439041,5.872116278669362,51.2158984873986
5.100328669947869,76.23228669431667,95.83156563798299,68.7597897123595,7.995369810318098,71.47353402514939
9.750849883036109,89.55391225825755,77.37492940155177,68.17378737425075,6.767408633472636,75.06410963317322
7.948675518662305,87.00917187624381,67.18298395662661,92.70174614863197,6.682582190427267,77.52078132252431
13.256989330381096,72.22444755201448,69.19336999134813,79.46217526832166,4.5953651627118965,66.65124881018846
8.367903697915157,82.99332305429226,71.15583230166816,54.63719763506192,7.762501636251072,64.69326293003081
6.350785194658834,89.5138712337179,80.08999135682299,97.81138849501282,5.512889926175833,76.30919293500794
17.862595075686215,65.30594718878629,81.274025856426,88.31550543288029,7.071919156319594,88.81832053544572
11.096894798053857,87.43360192379934,68.11559995273706,78.73146555202923,7.33285232554983,88.82354484848253
12.270112818751695,75.37376241054153,74.7077448928682,66.60273851725252,8.632790315006382,76.39425336224103
6.301007255146173,87.70598668593159,100.0,55.6084114491478,5.429415521057066,68.26946438842293
9.82246910189927,74.36740843457483,95.73051804120854,64.4168983589342,4.0,76.30782413130346
12.443690358839465,63.95117899335481,80.23588403608838,86.33122929556279,7.220619453704434,82.50725365388004
7.396025690310789,65.72457562116837,75.4560417380184,98.26879458901914,9.160613417813025,81.0008744082673
13.502792073382688,82.48084946661382,76.44037592061913,93.14865292408284,8.486735623527325,89.50439128331963
9.597445240324781,84.59722501721483,82.362215672765,62.667258673205886,7.251591298329551,80.75805979276707
10.833225000826893,72.95683374895592,62.72648921761913,53.205738500664836,6.410036577241543,58.8515013634627
9.593173551082412,88.38592458777374,71.91148155091986,72.11329370366806,7.968547115964772,76.25658613349638
19.409112738035752,65.3847993773104,54.97699111346893,43.473409516557226,5.831744560354638,63.018467429759276
11.946011101048263,81.33920201352683,79.79067747126335,74.84751571277172,7.571629323227463,80.95974753452384
7.769156284176399,69.88983800237543,82.76635127643289,67.78596120551997,7.606564190999952,66.63364278926379
15.290179648412757,75.4816389219784,69.20176245240751,63.00945247197637,8.272251888998655,73.97254465146425
7.116625400115911,82.47398671316414,93.88784115948039,46.07945399099807,10.311592046693294,67.57973165423614
12.835454380019021,73.39586634716048,60.290812043971904,77.70400159854574,7.47089916061452,78.56101498445133
4.161319504480898,78.15444455770175,57.42750143748216,62.009487405071326,6.389243649151002,61.5621587352683
6.687255804406278,92.0629280921444,77.69342182271967,52.451247464345684,6.9693108253696066,60.20801740182025
12.787444943476494,76.23108130476851,87.56517963134586,26.916066800775262,4.877108914133059,62.212937991300706
14.953866319981643,90.35692112065142,95.20713229749443,69.58727642424046,6.16634424269313,81.75026355009126
12.685473124759882,70.70293145342382,69.49338884557272,96.58377395004617,6.508861074264275,77.17874477834485
11.537406870447038,87.29804177915283,87.94417000117555,94.91888821821806,6.371093922478489,86.37605482436489
10.795585217642845,96.41568620657901,74.53789836599151,63.14355615120592,7.182825846440466,72.66410395990732
6.0859120385302905,57.283554998727105,72.92847240071016,60.966819094573296,6.013096081141359,69.98347528961878
9.120623166421165,,85.60391924984006,77.03161384112536,8.345236800789365,78.81947831542784
10.15744491616085,87.7707212718054,82.82787454096103,55.02421841217563,7.000248477901836,65.40971594897007
16.22848890487566,79.96954613957007,56.08329411618901,74.52687849729199,6.988839614633663,74.90682528490892
13.374473158273846,85.71145873371309,92.71848419671075,81.49120417577035,6.606526340184499,89.9783833645481
4.947839378549064,75.9601481328418,91.56109624976942,88.40399835826462,7.186228820630775,85.26585711000445
13.29633587757918,82.865897874729,67.49324758188564,68.4976888528007,7.990117917601162,69.28115181338512
10.459670878334734,80.44322764607921,79.7496424012489,66.94489374734552,5.95944374114692,65.23407006515808
9.292311998776166,93.67782061659807,80.92836223539287,56.830261198651584,6.210260213109692,77.77719834137227
14.446705155363471,84.54420843301213,78.12808518988689,57.5967946894021,6.635528765468003,76.57545661200847
16.123998089983804,85.37602662075201,68.39633815385496,66.6028166214771,5.384954891832142,73.40006504303433
15.725120476464795,77.88123033877532,66.94051958474338,75.51048260224267,6.016890568334203,80.66815672870193
8.643129907109445,77.12393775927507,74.69335114810265,83.70376939349875,6.428534951746409,64.50984063250243
10.763150496595141,77.6744181218038,89.07274823111237,57.95231573979483,8.049267016855273,73.5713565207639
13.325053725614255,85.94452142378297,81.52320185513318,92.39032853439282,7.31507359480231,88.7625017023395
15.902180508489437,77.79015519179737,70.55262801496673,65.93314598436147,7.232307893641053,80.94882486028928
10.08330304861884,84.89774856896413,84.26038452778013,69.67949058477346,8.021077554601566,72.64882201481407
11.257364093344732,100.0,40.817488552439094,58.79182481278265,6.835153853920724,65.10121946334739
7.574660103975887,90.71124703431693,88.78518840446525,33.63639609590587,7.468557819914667,58.938462666295365
7.215173503677317,78.73976467832159,54.1234346546628,83.26068094541574,6.876133896481004,69.6637120406043
15.250103289576792,94.01213922163944,70.65070870316241,81.0526584563865,7.318434819279554,80.70641503223548
17.42496011428329,77.91924626978448,61.563961264486274,65.7800866432268,6.300689610866102,74.42000805091058
11.711959513678664,61.61875464822146,59.46382229134913,71.00486075837308,4.073419410068285,62.29029540080919
16.014131591568095,71.91913689082595,88.92992144854223,77.73908826556149,6.838865005376435,87.52162667018345
13.446544100190536,63.29208078974145,69.38758558425731,46.56181214670186,8.707297763319929,69.67283836338245
9.419520981579502,78.48486515958692,79.15804658076858,62.06420983980558,8.11145848268991,70.1388245472798
13.445582422033656,82.18418379189552,74.4369530534498,81.9139701943274,8.158476981509406,82.4211878716494
18.152146265863877,98.76437312275283,80.72448992667746,51.18565865246126,8.483356866167462,75.68565433188017
11.856695843560194,85.26927373764163,75.92186269272307,74.40336898249944,7.106389109153725,76.52647558526988
18.258574623256024,79.80899471191135,59.604093309737166,49.65127293064893,7.236778848886715,71.74921221879774
2.0,90.2940558118349,86.95520183336568,76.9964497365029,6.25881772547878,80.12189278239558
15.287610017500896,59.88864690992115,69.07492100206424,69.46537776553775,6.62071257276754,69.75874348106089
12.348188272952685,84.35614558108566,56.321017216082986,45.77302276141736,7.738925379725369,69.61990929401293
10.80397059813653,89.70865193886966,69.86261806840905,87.47109031685757,8.44466132460258,85.24476279014199
12.36704310614201,67.21413754220158,93.00911748761173,58.981126348029264,6.8326644691828005,75.4069231457206
4.049724341596429,93.43754043206928,85.20266090536191,57.84621344478428,6.4597728821783065,72.62444044926427
11.121312448649952,85.38496407494414,70.81617438710569,73.00853795846415,7.000633550627917,76.49928016279021
13.428450286046985,77.84712086099199,70.80890754817885,87.22956024143073,7.721448098714938,83.7575767055943
17.911576178966065,88.32781866106285,71.14037938539141,54.762672715324044,5.26737422063975,75.6965112750716
9.92691912690541,100.0,99.92097580273008,70.92519774771958,4.244582856235315,85.00630792933364
8.766025588427249,83.81866255058495,79.58322542677864,76.4322475049586,6.3393557806100995,79.19648463186222
9.992971825661854,84.48220586300336,80.16049976629283,80.39658410894717,5.535145088903009,74.76823337108699
15.661608470808297,77.40639100459757,87.3634014483821,72.64662332915837,6.390231762823227,77.50725397482405
13.315004438638738,73.50155630535208,77.86546990831816,64.49458241375017,6.8226636174190345,73.68891843841399
9.880959184931845,90.30335816544246,71.89149425015157,57.5861466902692,6.456101909172384,65.49540692061402
14.053069732453425,73.43916174091133,72.64380181098026,71.29215824569562,8.742961041364895,77.73303431344983
12.388310197392162,82.71566237219392,74.14078488703123,53.9179148202159,7.392093717522784,75.54321551428785
15.874579962131557,77.22342553234883,74.5533331618819,26.17974274758089,7.360569231532994,62.49350180141321
9.19178762449059,86.78979825746391,83.73155452364375,76.54839706236501,7.746648572852083,77.79946782378235
10.689351413608927,85.33662105286949,75.6233506296876,83.55902261629294,5.633400258663077,78.51802157354962
10.43156738747137,92.375399442579,83.79168092658695,34.55601346687242,8.246934144904323,69.40798657114918
6.145940207471526,76.89983601145254,74.03140103869701,54.854039429350934,6.909082856157448,53.15657665961833
13.184481108258304,79.30125064706628,75.94362228379309,79.28731391507796,7.8045767406894555,78.26989058168584
13.044221088719556,72.21236284217693,51.02159178561471,100.0,5.713771320351814,79.65646950459302
12.020453826569844,77.55706739923889,85.99593209642978,70.31190561513112,5.135489480780723,81.07496210150501
11.061651466499413,85.77300493044852,79.15786171077592,59.07995588156298,7.981467589630034,71.02494676728679
6.338517031798343,89.56988616645351,86.97612131831582,67.2565533834274,7.45169143131702,64.78066969779071
10.317418708938565,72.77834675822375,40.24493546167573,90.62314628722277,5.917538134770988,72.28986582208806
10.629141933892923,90.6960592010566,100.0,60.310537313131974,5.956404302470367,74.69174114709996
8.790890923113524,95.55637858804951,73.32492446213791,58.0121199002462,8.350521741297722,65.43974973324104
11.354857153335963,86.13434903223701,88.2981938008502,62.758847167269515,5.572705728559207,72.54690892159006
13.616203427258153,100.0,62.52112887449363,55.70007087611931,8.971207543907155,72.90361574247729
19.54474360484212,74.26210800896428,82.35328686075084,71.84005473992194,5.919255118422558,82.64177483790077
12.698311251327356,69.55345296688583,62.35901324191613,94.3701768770434,7.7660703107300595,71.6808986842577
13.030201562891058,64.21279751095722,67.51477247165033,74.84618909674043,6.605657829101219,77.21581185471409
11.702216336935331,96.96044311489183,97.96837624640143,66.21469746810568,7.723824917298812,87.53252434594746
4.324915138803834,88.54365656354058,72.71181119083984,65.62283096626683,6.347063197462969,67.30112881032744
11.893944498203133,81.44415329089544,77.60919447815668,46.552137869550144,6.804648512713247,63.07787939383113
12.240920839764106,84.7996862631982,85.44081276826505,83.24664665720738,7.049103010474865,82.73890374187533
21.852968449941145,70.74510952701624,80.94818265567126,68.83244204480798,5.7973750530622326,85.77554373011436
11.23055614087551,100.0,76.80502686172292,67.29280129614061,7.888989214504151,79.93677346798151
13.20618936933445,83.29221181975228,79.3795320295947,100.0,6.384143720234098,90.96681895462245
11.861152921179027,83.09394794604893,100.0,74.48129362548529,6.725680101591978,80.20977735240162
7.325287849521872,89.25766623898691,74.30857443559698,58.72313424857224,5.806780750469786,66.28264277720388
16.571291258060082,86.81009231736714,77.41318856057961,63.60463605691685,4.0,79.55110473580393
15.007732130747097,84.23884024279131,87.60785275209135,87.22668563795132,6.770766684879797,94.3163103911119
15.164127788172188,74.09525544554688,88.2663111954958,71.69905615806647,9.895138505935499,87.20662608088317
8.362450180821044,86.71468357135996,89.24436366672457,48.4258303252395,7.9415251454776286,71.81172114908838
17.611177243744397,100.0,82.66476266435022,83.78843401862805,6.976887544318727,92.04237181227309
6.3925957488308764,95.45420046154977,61.283941047234194,59.97783871691509,6.684531004950079,69.29193516533243
14.347428375201082,97.93186626639397,94.60117838761315,98.09946664326318,7.026959071374455,97.15242035318336
20.761822503239912,76.88784323568815,61.243855283775744,86.20072098571973,7.656542938210252,84.60946236506088
8.037854699477247,72.1039517974142,78.6316255828684,63.29017156511873,5.583024621629386,72.35038443029775
9.734809081588912,80.74213079900352,65.9486897997677,89.2152454260267,8.337186033602647,80.9669607838467
12.398605460350565,82.55724912288694,74.23033984088408,71.01783265791104,7.858457578529493,75.19033028965326
9.986097383535203,92.94191518470949,78.94514892364177,82.79160512683329,7.8618228708495215,79.0094395903334
5.797346275735469,65.0753537028518,78.85628658540328,77.27099225941713,7.5261708865716725,70.68427641327753
12.27425189922411,97.29550319460614,80.06304905082342,57.3046501751369,7.023539989232788,76.86738875472018
7.7507851450955805,80.4199210142101,94.36453522870377,60.346752515238066,7.8074334831601835,73.11154336280845
13.894369722540727,77.7311893005258,80.44241161816775,85.44941226371742,7.710176960489654,85.76419552113403
8.322303063064787,71.87895624739832,72.07012037651222,64.97837001840189,6.5751511468707715,73.58851712915836
18.19973762007016,65.4514332813423,86.56904601946029,63.94527305137005,6.311677872523719,85.01602211608864
8.866986830655051,90.23170583961914,89.2736458670957,55.673161309759706,7.122227554314384,72.43948240643036
10.711753935177297,82.73317967188405,60.26870621835609,76.35398598390192,8.858824181794224,77.90745499045536
15.25406886947868,69.10039100258946,82.1688008381983,100.0,5.513071509215319,84.49250309657451
7.076542734264179,69.04921227936384,83.41407290773078,53.9870062861859,5.238969681097072,64.38108749478424
12.909839738416517,78.64215300709871,71.4292379596801,70.36329185009137,7.19771300948382,82.76798808113614
17.228571017129713,98.69021525289392,91.50848175973942,91.18330833123144,7.0610652422272215,95.04576447656788
5.57006706175509,79.40408648636395,73.19933295560968,68.80537913131427,7.20800999724449,63.35228166524236
12.738535434129217,66.96857046881894,76.5069174416585,76.78557694374601,7.2927438374902005,74.55904889762355
13.039531176993695,79.54256935914056,72.92313810859356,54.0640970777968,6.732157294438234,65.75923500682183
15.127291487109241,79.2727643025233,75.1869485709776,76.42460645811472,8.787836126322498,79.48023510154133
7.052197156487672,55.03113357058429,61.84469895725758,67.19283602493176,5.078915225828181,58.27707375771578
6.718173547662895,81.45705133482188,57.719389408868466,84.78594993519795,6.005803570263705,63.56767056645155
14.087766262467591,79.69065469791322,94.13406075869966,87.81079077347127,6.876094287821143,88.68955844609327
13.187938692932745,88.96206364813418,64.83646382018007,100.0,5.028173426614999,88.01059937022302
13.001971401383507,100.0,63.10329180652431,78.69449759820364,6.7889747146815145,75.72141784382009
13.385792837987903,93.26565029547757,49.15931863675542,74.8869447487325,8.993764198873622,81.82520632481832
9.279901113686037,79.3111130944517,67.33245902772597,72.91576452366004,7.025063785955155,73.049400023678
12.929014788644015,70.9347409125833,59.12292247911002,64.70250560783967,7.2768410868624205,73.52543167776787
13.172289893194725,100.0,94.70418192163643,75.07725765192536,5.487802281792904,82.51873714044244
9.142594327894528,82.59218434014488,87.11780507211161,65.56897884791456,6.260366310352627,76.51492866584172
19.463098044579027,82.13929291912946,66.74219585786732,72.52691464404421,6.549764343611276,78.61865655455432
13.89533168364715,81.75874912889996,100.0,89.7639630341194,6.618741883892519,94.2115809621134
7.234786011189406,83.98084760767856,86.78118584389912,54.90186152080538,8.537972554004522,69.70755375021348
14.626214434535319,80.55639588076058,71.10202339789653,87.09817841693568,7.669229272870149,86.24317329719334
8.101273319090714,76.26337993119763,45.00713142151712,89.75672601009798,5.666250451675562,63.658293870343115
15.148338414969809,76.53141058759608,100.0,68.22897209513381,7.295805734118406,80.79422313758832
16.634382316029615,81.67246729784002,58.32513039883685,38.17217651487108,7.597866098196143,68.62087900539608
8.717270726593158,76.56575228866235,55.2552150365173,60.882670193583515,8.36817884622552,59.9694771021783
15.853504516977287,74.87154217322836,87.27084518411569,89.45491819841664,8.896648823882048,92.35201363933388
13.651123707745993,83.06430227691897,100.0,69.65697906551677,5.781886969806558,77.37789481376817
15.28824063997796,79.45022782579144,91.61127382212622,55.01046651557634,6.026970986547594,80.63417831773029
19.58717193061579,97.0399298858269,81.76690944062831,62.42837618157674,5.49090656930246,79.81488681968985
11.018447535988518,55.49030191606988,82.13705209998344,82.60930039756829,6.7191761690716225,78.57774118071686
8.985055342570043,92.91506851922462,85.2409867053637,78.20100352302069,7.559630049335602,81.95015237241839
8.441942281497907,94.4608519249763,84.10714307744118,66.41601851245458,8.184801419906922,72.33260463747057
8.736758860138247,61.2660976759185,78.37429708763251,64.49763382277969,6.908858771628973,69.69696467907679
11.691593162343583,78.57312405919652,76.25041324742251,64.12362776434267,6.616182972094188,73.6564688640769
13.364607899266575,78.28559134004209,74.24888246520572,56.163847232522464,7.182109590698489,69.59025557559832
13.106763197320076,67.92488305282178,65.95242493359989,94.23063534204162,5.997828518043972,76.14972097595223
15.308732996144094,74.22183312409125,71.63189907759872,65.1651929618299,9.507446466033727,69.9750012761634
12.052007567511628,70.89424154534171,54.684518229655374,88.25737781238244,5.07080676745833,75.11300270772834
17.814136308629266,99.52270443423623,73.81992447846301,92.81974077883677,7.221688694674869,86.76539949799086
10.941372667048176,91.35678393147461,63.13690671418899,84.9746634722194,9.428327463075567,80.28256245222872
22.880676666358475,94.71555094994159,61.75692819341075,63.52569530922928,7.008159813471997,83.89010503515294
14.502669391060024,89.21672064043236,77.15872981384175,76.05595135504915,6.771953157998206,84.82911042121587
8.571369774334869,70.70948228782771,91.70402743613519,69.63706590413626,6.571065492627487,72.23971639400003
7.716430007755551,76.75479733720226,86.01979927202775,56.44447208904808,6.783529981885111,66.14248349918049
13.92988966097274,86.89374561227918,56.15399275652187,74.86538922582405,8.647418169611836,79.83673120602069
11.106148858696596,69.77872191108054,63.12446236115595,52.31440313260296,4.345765706404592,62.70218828525816
14.856001976368368,89.12998430172388,86.2892542558586,87.81519082692346,8.840120441555591,91.84105055226406
13.89295049829418,79.59674601841866,63.210151277540284,63.03074054052411,5.291251417059826,72.5844210021663
11.70868434937251,78.25179192450402,72.30440220003571,73.01739483809259,6.680017204918702,68.62210402237048
8.61282512772638,89.10959968203491,81.60062518829463,74.24931807319213,6.484906695641606,78.30432780472901
5.9406111012565415,86.4426331148604,63.379866541636375,66.11642539443883,7.706263923724864,67.69573012723389
10.213940191731915,78.3903383418092,76.26450607375152,78.80040702212912,5.082250777739503,70.66061606541837
15.42559517729389,93.59329803364248,58.991694060981544,62.876445150662136,7.5546071992983315,74.37175210051802
12.856374976520815,71.18936672400102,67.78358827258543,83.06945946185866,9.429171547944224,79.51237094806686
7.017044885152048,88.15935606944264,78.83738320971044,49.81030479629877,5.364191194488628,62.540675571715
12.692723703404727,87.93101257968384,55.884075197619964,71.89569369319618,7.227647401132475,74.672989710242
13.541269518915348,78.9045356068601,80.28569685552479,99.08393498587427,6.2056213866440695,93.5259694593046
8.464570255195468,85.26133022242118,74.76434641287983,54.995030130916376,7.511064647431643,71.22194961727506
12.614900423782112,69.48886423614697,81.62987945300577,59.83382544212723,7.022977332898902,67.28002400455006
12.232834873784,91.240270192069,77.68696960877594,77.70861774488372,6.230215709146829,82.45765351879609
7.428118808677508,80.15097863557011,91.36968515968613,72.69372672909397,7.585446741845288,80.60570568247081
13.431149441393133,76.7727697948096,76.5026940317749,75.25945148910338,9.165217731744091,81.97918459617519
14.243138105472937,92.49009225836889,69.84713350649696,77.33780695221495,6.770915449927242,85.27594943590799
16.332204972701106,74.9565630945724,76.4675700363874,79.52082202842655,7.863709530577818,92.13136005773863
16.21520820813961,67.91538703636441,81.51957634843666,86.64549762934334,5.448072450554603,88.80467230747314
6.489322528171636,66.43370826476097,75.58632084390845,76.14727985392769,5.852276347818389,68.97942689419354
8.248699840339508,88.0600995134564,75.48710029444659,66.38113518072187,7.566887533456453,75.44649104539435
14.060141068834639,69.19570647503717,66.57609974631893,80.08860551804096,8.780939234243158,79.5308648415333
14.055143803648836,99.54794181984364,67.04518898938862,98.49822902342824,7.426736018542792,89.07104223087624
14.060190745224192,61.18070592116278,58.16873673840368,68.0104938042614,6.624330363372215,68.28899914637869
25.0,98.96456368290038,95.99492091824328,55.38206042994038,6.999149686508025,100.0
14.283562042772669,84.11017467202619,60.07364117530458,86.60621003930459,5.499510719236339,76.21327837133494
16.542262560722396,81.03286888129608,66.68513762644912,68.19428254069602,7.72541839162644,84.85473431293079
15.81600705397281,76.5508091319105,66.37911281316963,37.409956809789456,8.05879967478809,68.59658915606462
14.605565005223191,85.9913611435207,85.7390925233333,82.71132515725633,6.457491600600304,80.37788769494145
10.738923021438618,81.62365297575151,71.46060386049567,61.97007721069116,6.435949422688598,71.30429027107147
15.03587688197307,93.03301882016521,89.97290487208481,68.64200076543759,7.319053875582458,75.9710686371763
8.908699141849713,83.1422764866204,66.91811250907358,74.97970495853522,6.475936316751286,73.8169864266936
11.052725573039965,83.50301761461877,78.34792994668562,72.857495196686,6.920640862449013,79.95326775726745
10.058545808683586,78.36387787786144,64.97583536088291,80.6417772570856,9.519666146999818,73.53972662729184
12.32749655754529,81.43054376278933,100.0,63.46770444145235,6.703569159104804,80.07832009908724
21.258634266694035,85.0780176889206,60.748818971645846,77.69658697264124,6.569991817574533,93.7256971457676
4.530939229633008,64.89831607343375,78.71784852272432,66.10679983624124,6.222949833237809,60.94408960948269
14.745040761498053,68.51814577894287,82.60532257118518,81.08215721331254,7.893030365799924,79.0806503925083
5.549136515241393,89.43264094022715,79.96558916941798,79.23051226019581,6.782530992138277,79.14861494630779
10.112272536842266,83.70865438127942,72.7765480934675,55.96841946933107,6.220752354014289,75.30105968436997
16.355802387869463,80.1601666364732,73.44215160319888,86.28973174262549,8.585564838727615,87.09616643000645
12.25712007638185,82.18433933065393,75.52573766374931,61.96054832328928,8.703523605416365,78.6124923463114
7.6890208882827755,85.47581705361671,73.23597598045814,82.12086697421718,6.279491721113554,79.48899209908674
9.138785162960128,76.60240319690638,86.56654940153892,75.50930970102011,4.760152058367261,71.36498313737015
14.718390995738703,74.21695274597687,100.0,97.57275515192684,8.209016427804306,92.57106621072934
9.078533473131454,83.95845255097682,68.310098579906,66.64801026442221,6.178444209087996,73.75858970781788
12.8658343583279,72.21627222384969,58.562364245051064,64.76024805822703,7.948750718995322,76.67717763524345
12.182287359615255,86.08252755714472,73.94061541978495,69.708705911684,4.635875418745798,76.37454866483971
9.393598609576731,64.9741639576216,100.0,65.45230325748587,8.071116805959171,71.86438509601447
20.5757763573013,92.29155637325644,65.35590518436322,81.99912852913076,5.546593684863063,95.95885576072479
14.535676089272044,86.72597482413043,94.6694016653288,45.75534087345118,7.876916942879829,74.31107721584213
3.8994296533695714,84.56029734313876,95.13240976891728,54.194763712804686,7.017127681403721,64.38778094766242
12.745817259077711,91.82690983945514,68.35694109950407,53.9829561763121,5.855272696724026,71.10585661873449
9.352854140926448,98.65474444462576,81.8277969502233,84.25461387960364,6.511556424487863,87.39358755367208
15.409733339184896,92.1437006501813,94.54075947754245,95.65920058872888,7.8235821483480406,99.1039148048771
8.829917046269198,63.59125768668355,70.45046710815015,68.43326172193792,7.127073343738281,69.05996816467963
11.541054234132403,69.20423033264298,72.55703567877165,67.46767415214984,7.701295576566981,73.9970350855267
14.019949115921829,75.75181422304321,68.01982903261627,71.05078244669772,9.371728701418583,77.73088382276967
15.463020776680485,82.26091050210833,62.822919231685596,87.42817453912286,5.122910065946739,83.53123851477865
7.198814371776895,87.17659020469122,67.20866945920791,56.089702987141386,8.940655089962348,55.182912948330085
10.661995056636206,74.74256186846534,60.31271679885292,73.57553474102178,7.125227125027855,69.3491465710472
10.100218755356176,83.86766764477078,75.40900161911071,84.62796444673644,5.921459142012246,78.87490566755538
9.386683069705153,74.44617067646678,65.7603212272963,77.51641254909768,5.403623649113213,65.720612568937
19.061816961124386,75.88482197008052,77.80543094148898,72.84372424898115,6.77305553106756,86.16730256747726
13.619926843843823,67.93338903151778,56.329252245556475,85.01569138850712,8.105980134309352,76.03862483820986
6.956464182659819,72.76766753889096,78.97056278657348,29.451515605011444,6.846941055546959,61.81303394612233
15.671447788219105,68.48315394383667,85.0023475393071,80.16812979296361,8.813385916296816,91.73043038369934
20.488624788050533,72.24126747022667,51.075172289142536,60.188864753088644,5.258589171938129,71.60108466313915
16.12986104220459,92.5364179660784,79.48867883817087,42.54050654715314,6.985493262584734,72.98268671040458
5.922520136183946,72.50601111168056,89.7320279096795,77.66803899287471,5.497127866704258,71.70165848602869
10.063063708534994,100.0,60.48430777570553,90.60487817744436,7.436358259149961,78.05090945895537
17.06764459674649,86.93317900880889,95.07086864205243,67.93827228058463,8.06426486811676,88.29877465674076
9.169322137524876,83.84836123694873,80.02822811239254,84.29311820804408,6.495085847582736,75.25302955400156
13.775277712584913,73.41642219818786,66.53985773089909,94.18417386982968,4.0,75.81976053224511
15.098536213717347,89.00309879408991,74.33077106810752,89.72371680376071,7.238737776155793,89.73653704044314
8.292278113687669,76.24362173762226,81.69992295026067,94.59946794057089,7.524086262080211,83.45945886038493
11.7618985757528,83.22009814645361,75.91206469694893,81.13191236607838,7.485153705954037,76.74233844135934
2.0,100.0,81.46507190935642,71.13150458352389,8.482938630186585,73.03006720877214
7.902449434662841,81.03940100275351,63.9519168830476,45.97051282154247,5.714735584421142,55.76198573118579
10.989727394427359,93.49273326285676,77.03232988843294,66.30906267805076,7.816259326540539,76.9435056855517
7.008867272140602,74.96823574874112,58.03542603714024,57.35130107025712,8.43100901497357,64.26387123518363
18.52964521572654,81.65011509503039,73.6652872638156,100.0,4.86569489919218,91.65751899961919
6.279434488157469,99.7080063563551,64.15310830242252,67.36171281351496,7.383582191102772,69.83222830102486
10.239822053212064,75.73032942212232,66.1736406889228,71.84807210176729,6.394984202790794,68.38784007170442
12.522962309144365,100.0,89.83311810252525,78.27228064060701,6.902172792278025,84.61700442092703
17.765093156264463,89.07751935455475,88.09572144713123,70.65403669558681,7.417211780246004,86.54291459661421
6.2565513952822425,76.37533224105732,82.30965745088612,95.4257656064613,6.415325723063737,75.08654102777031
16.65265500861984,88.3240773905552,61.89224682392906,60.66025957398322,6.189150305006066,74.1801737673452
12.040932244078348,91.7255444962673,71.20309860366238,72.91911182855864,7.04098290098563,70.96872728357876
8.073965395808196,88.21809962217196,89.5571723997502,58.86294121452927,5.695304873364637,68.50442485344172
13.848413897053083,66.29775280109544,76.70060296367886,50.19966233168941,5.697009845337778,66.72589805643057
12.79623878229388,74.72862824175131,100.0,60.82346363642072,7.815247939547804,78.08047238941931
9.599132491364822,79.52481364448495,79.71981407273246,69.44444804427383,5.621447157809612,71.21435931275406
12.279208339960075,81.25566570899954,77.30458939788038,63.5604666322411,7.799575001091054,74.48831373648883
10.45874561255296,88.20672097550678,71.29060242956999,59.61368530189216,7.555109551424741,72.43079705792837
12.454069381004992,83.77701000933254,76.6024908573874,48.90523804492249,4.929031925451284,71.22018462556672
14.648522698084186,68.64655641289899,73.17036196343348,68.75341641056959,6.186922417197214,72.5819739605583
18.34406726458141,85.80197851005963,83.49730412026308,47.42919438953497,8.432931283656847,74.29126316577855
7.048738004692604,88.10585745283824,86.480427801535,81.40083945534404,5.822601362632382,72.27466842444451
20.532133498625065,87.5979044793104,65.56812647390461,71.23659629401755,6.442714885228735,82.30844641503221
4.1916488019099925,92.80780725554622,59.025204557306665,48.13672750802604,7.554473071902276,55.19119860401549
11.392859619857667,90.33922154548904,52.96553552276044,65.36186384425204,7.9400686111391146,66.61242162595235
14.353268825938306,86.59180079228437,81.09589592295052,58.71765391614125,6.698153336746605,71.2119015737534
13.12396747094013,81.29834288541353,61.759600725913515,74.78761765628771,6.28298776637003,72.76098566231853
9.509201920717626,65.39039066484008,49.165312884570206,90.10675669034717,8.706843834038208,72.73947551503767
11.167510998570899,86.29618219132585,79.66294325437157,41.872412955313834,9.086679596557094,70.56598241552463
10.027996261364668,84.07687687163111,100.0,71.72539118721126,8.174629660938155,79.05902547622345
9.642540972223154,84.71578837195374,74.92714906152128,67.5980080665004,7.102381771078029,70.69942163940499
15.398408388084098,69.2325142417969,85.06188929341971,80.07010114675698,6.030081134030889,79.27024659852579
13.42806194386019,71.18943459591738,75.98195230257078,73.19794942356533,6.003466712132122,76.08387658411696
9.228361618957383,92.53152853332904,73.81332416170629,58.72046002391771,7.627016926318909,66.66715427583786
15.598399501733002,81.60444846143345,86.02891779585322,65.21419096500072,7.50207786506642,83.58511650302611
13.229198083506438,88.81500697372624,71.51670546973618,58.05961214794766,8.681918311535716,67.19939804697452
15.25144847535584,82.28318376130461,78.20870776886284,86.14010707897897,7.780540111043367,85.13134355350589
14.518515367694448,82.29756139495746,78.86037367435216,70.31967473007913,5.196303637888219,79.45530449167023
8.684019956311712,91.38283805975998,66.98291455628342,98.5178602862951,8.262337141267501,82.70043717411622
9.759275839212123,76.83955271782627,86.90450819443828,69.0900877927807,5.8023272472227045,84.55871814451145
14.989174420493047,82.96120776940984,72.90048291965509,59.37389849634306,6.539234473657178,76.06776335083435
14.44148106173386,77.37724711294958,65.93105808608587,47.294284110807595,7.300240247502034,63.79610211196078
11.916393624143408,77.65503772567685,81.43811812284484,42.95290485616083,9.394800987740757,68.47495804002743
12.469309533235128,78.90827876531361,64.21838421850755,46.23796085491765,10.731902267206433,60.517832088426594
17.110659583153698,84.22133771633713,75.33817388842954,74.00689976517225,7.728067670963419,83.76300568673638
9.63371444465668,77.21251378336522,74.89057204026956,77.63087534844901,6.780164057535535,71.12769080114273
14.18838952468015,94.55756125573521,88.03074678997893,46.282139469518,7.64140677817666,79.19082365458448
11.191229390264423,73.05392697780496,80.69637879455944,83.42557471114173,8.065186511048603,78.01459827298427
11.12927518709112,80.13128355838641,74.69967649505827,62.75408422474841,6.61519884933137,70.83876677697793
16.39510740794876,77.60268941725825,84.81319559040344,72.20189517978324,9.154253627094786,82.56966604871046
15.301665395952119,96.46977884353733,91.68249058820776,94.18330942383136,7.276084911029683,100.0
15.254038544002555,83.96554776511574,81.69372367622235,83.45258973798298,7.597291706909673,85.32437804597615
17.221915228617316,92.31844539468635,75.12423143812056,65.97204028141252,7.799109102465353,89.95485249745734
12.084015366531036,67.14439626963028,59.25796521179809,56.63211661877069,7.505903932737347,68.469540194464
14.727811885179856,84.67050265869258,62.21863604309553,37.72276898006042,8.006728600563534,67.46522760460712
10.758932973626177,90.89630795623437,71.33730354774399,59.212700211363696,6.2592961761436925,71.5863062528849
13.296665409953768,82.82283989275425,67.6858535740886,66.83304641758458,6.330037895264764,75.33167362461124
11.479427782529262,92.65480375065351,72.75634436417465,55.19230709273224,5.679814920433966,62.01308909409781
12.387983859970873,76.82711549899628,75.67979909876529,68.03114549361543,7.527401476744272,74.0268862590636
14.380628101747654,96.0934744018558,81.35631305228077,71.15277824438152,7.934723804214537,86.6417364590882
8.72711726706611,100.0,74.15401466329091,66.62716027287883,7.549327439382263,73.17442369941904
20.369549102741843,78.37161439560342,80.83801972591442,60.249961287648105,9.009390920017044,79.0829458135855
7.975930474001192,77.54497478599228,75.77369297772144,72.52982007950092,6.993284777405144,70.91673307857019
7.143245548849071,96.533844771177,51.294401203753544,76.62910974354114,7.802489986711015,75.75417413986399
16.63244349400027,97.79572145730712,63.72797527417495,53.64401383835731,5.689958948632823,78.87522309441032
15.166650775851743,76.77139972846732,73.27094933134062,91.16398569619405,6.5354803570307185,84.9211914649557
14.49647926820862,77.79813182904142,60.48366308590671,68.52117801573607,7.834645309078933,78.24233632868635
14.51338203705712,79.18215391139493,82.19914475995445,70.28274434417271,8.018922532891773,79.39123818646806
11.951012908612341,68.55549488965723,93.36900998812436,80.62321634884836,6.647239662802981,74.68722332584693
8.410982514056673,72.81348053515802,89.62514222036779,73.49824196895253,6.91408089777032,70.97927210706507
12.303218232774906,71.95859233247933,72.4386855488375,84.29704950869868,5.178551503983028,83.56568572167491
9.291353153951553,74.32202434895872,92.88871364219942,74.30686247802737,6.571564959032068,75.68878735485355
15.900478933671005,81.65315112613219,76.78400948642533,60.81343938039343,8.068459796223744,77.29048546354798
11.411770473991446,84.3421473253652,70.95496834658353,75.42255287809152,7.69024601932788,75.43492629193521
8.698011212829954,97.50500492814076,67.63916803750872,52.844106890190076,7.600798865657452,74.16577906637875
10.714456633388027,72.0164595926121,71.37036376214246,71.62839558664784,7.059728424617152,78.72396469596177
13.651725817102497,91.84322398476584,70.34187817750525,69.5015501403331,7.0084757903538115,86.55146823780635
9.745101788784101,79.86011155774491,77.04499466850585,66.87824714091191,6.207614632631864,70.67168491115356
8.711118417734275,81.50536290347567,76.92688777259838,68.07193732841604,7.838594104243041,73.1894197832805
12.97474884596765,88.74819492166604,75.03655224184098,41.77226431753542,7.505167533267268,62.19892225393937
12.979866284434891,70.77277978437701,80.24325803695619,61.76912638388558,7.590422617591359,79.8518410511236
9.972227298515481,85.82409746184051,89.28775529743609,71.39267351711672,6.368758188798903,72.57355027881191
10.11584677752671,83.66452208213056,86.39464962529588,72.39784587996101,4.415988496154506,76.02649596163607
12.928199749430545,86.92451264008149,57.18122437860116,54.58487288611063,8.316583254104435,64.21658469287006
6.2076626340107035,84.89168643907819,44.352946381176544,88.98561761297051,6.425395052789915,65.20099962178554
6.370144902493779,100.0,86.21183893487128,57.007377276782485,5.964669083148255,65.57240120590401
9.126223114990257,75.62260015748684,58.59745561901495,84.54185800790106,7.832174694296793,70.3681106818646
11.146211393152612,76.69003044998182,72.3028151772878,76.40791542807527,6.529584832097044,72.76460948651042
13.243630262392019,75.76859473575236,60.95864368728769,60.30659035234295,8.271923660855947,68.02907681935966
17.90142486779821,76.44522880839746,53.37623474903977,96.62966338914268,7.740407139492037,89.6385963947922
15.430638492808077,75.62612872693482,81.49755273845746,52.095447523652794,7.820283187840573,70.30525569632513
11.36024588014629,93.89016531107552,84.10986192363177,83.78731260415002,5.360853146559359,83.23969297050029
11.923935168389244,96.20504247989855,68.08187519127937,85.00873477064468,8.45433278246368,87.14830737679053
7.989882541448765,76.29253706250523,43.90749249426108,59.94069686385033,7.313500637480627,56.7858716869581
11.92594745603044,73.67644426895771,68.44506662097021,90.88697950096493,6.556867432904556,76.6581314514937
10.845365444319446,86.71415556386404,79.70164806483056,66.2493022810157,7.172066160810702,73.94978411025363
13.290874241352357,76.47776955719029,57.25306117471045,74.33040443919785,4.868517720522016,76.36333638045869
8.691076225790708,88.32931817755511,77.20031903734987,73.90482758156831,7.490383373776805,75.61419583330336
14.07738605696469,84.029230208513,74.81628180992405,67.98536887794178,5.764754190181514,74.48314353311004
18.13095565201031,66.84255885002769,81.95149799521306,82.16212409739673,5.376795656987759,87.26509167315102
11.56495940617257,97.47505201330061,76.43496442096983,81.9023308082832,5.1731689765385305,76.00313255942888
13.606846888395765,99.95877673095522,63.323172709421335,43.772020401427284,8.33522604998791,71.8666519753352
14.76057596684445,75.87211309515614,89.3588580199739,89.56510364317229,6.244883927568654,89.41134527745253
10.395118112456656,78.12298440064016,73.09764512367636,45.062620179464886,8.840473251899798,64.08006245574012
12.896369927241667,84.85865390724905,74.67234552588081,85.48819306512486,6.357038244337243,78.52468335472213
12.05036960312718,85.34456789987026,63.80078449112165,86.90057705241375,4.951170450888464,74.04173947143532
12.390704394195327,88.5854427267283,69.68061298570187,53.63550354677203,5.660170672061609,71.01664705287224
8.907960864578135,100.0,64.38236743167718,63.83778568068123,8.482973944008327,75.8306710488144
12.09804069703577,80.2305277250595,72.92464728091892,53.41442997271096,6.812922186475999,66.37954706694603
13.9919931649818,74.01702755461547,95.54050176170813,66.77618454566897,6.342055244211279,82.0569269721566
17.804574431180168,68.20680771985472,58.537186284823726,65.37948573721388,7.1920218710233454,66.5191364770356
15.837083304340828,74.69069960058081,55.6372632254791,81.6949079840401,7.602139283401054,76.45387901017196
20.612729830046227,81.66873027126204,92.6540439299233,89.65463119179412,8.340878579082952,98.07668436813631
8.930609748447802,99.94557863517788,72.48811587417761,90.93525716184934,8.738199075871512,79.00976306137558
15.489282546882713,76.82388700963828,66.97112713608101,61.567479601325466,6.568277625053097,69.91071835307326
12.733368022953407,84.23787951638899,87.47885624875292,66.86167189383208,5.408742776701554,74.8428987755176
20.75921173287069,81.83577103927247,67.73261352315762,44.74842711668575,6.503841806652069,76.15336696559226
8.766806858579393,93.88393273448084,96.91211656256323,57.911949002557165,7.312336607899463,74.20052264469729
8.641112631276895,100.0,83.13511045607123,84.47277449646187,5.843489288547267,71.44045034284967
9.602429418223911,76.6913122707968,69.14506310225157,94.23374235322348,5.851418902125949,69.49302225283982
3.5044171027607725,77.10560557481777,100.0,51.48476692180117,7.412545457859863,62.29338543702519
9.896979913276956,92.44160877069072,67.73142092395994,61.11303611270659,6.941617178115458,71.44907516867983
8.963469353785207,88.81891489626311,83.90514446411169,69.60391364561609,7.039356394493904,64.05812209566946
12.60157514590483,100.0,78.5915109648779,74.2024173822941,6.089805598359916,78.61353777418961
13.367023903108638,87.83928185325964,90.62089547278558,57.85594720117531,6.723519142953079,75.39495023861984
19.504683356863545,78.40707909212941,93.73813436072223,76.36091566696135,5.890920226878035,95.59362326000891
15.8016953527442,87.9065483069231,75.3840497887892,62.89240979393626,8.068238093349745,77.92087577223484
9.692385377350387,93.08703580582907,65.9589855558458,69.78321593682581,8.242299201668503,74.63358509084382
8.406341314606568,90.20482181197364,80.5196657152694,78.19426372005549,4.784574565314287,75.50892979276198
13.967676686026023,87.07274031107298,66.86741556297473,70.09633404716406,5.884586967769108,67.25809753212975
6.719067171917431,92.66674689589154,99.16064697031948,63.45421164210147,5.204164893891905,76.1981892396405
19.325835063417415,93.69295590445672,76.63842397299285,68.35585294111253,6.219971278711722,86.16666302920153
16.717760482885147,95.82158991037527,70.61614138425469,68.67455561191997,6.899874436251567,83.67765498395374
10.12329739158118,88.48709887589642,77.2161636703789,64.44983455176808,5.260425736361764,87.19579612683015
5.14746188363649,80.32881919683146,58.834484525643646,66.11805905999347,5.893768224249625,52.45478176370248
17.41548949666165,83.46713686433323,63.340631537872184,93.97970755757075,5.7952511535022015,93.68170097710795
11.541840618989529,94.06508966508358,89.4049668953331,78.41379171911858,7.248720795278733,82.4052275766963
16.951265247893847,73.83064329012764,67.11726865234326,65.56779522956259,7.0832132044435,77.96004646559132
5.622289364822532,85.68673308872901,62.43706820781672,80.45431606766104,6.133914935995296,68.0931178443232
9.602499908184909,78.0666118767264,81.43983303032743,64.99270765365985,7.212185046567278,70.41320031135531
12.020974798872732,82.28744822934817,89.22844985595596,87.59686956379961,6.343983898495281,82.53015921020953
12.187922375058967,94.78451862607298,83.6274397279808,75.54463288297141,6.674013867608736,82.84791212139592
10.199738114083026,83.91099068019903,86.9525722296698,68.39046783993656,9.008142508358244,71.6389603603246
14.491399729389995,82.46436548156149,65.91845893716646,76.71575388715416,8.608553262148417,82.9786223721036
7.7295182824696225,68.40143859020081,57.93827199909788,46.43685771897251,5.440502515686883,52.960730321917005
11.430482059914826,89.46253566027221,93.01600382346584,53.09848796635292,7.995678901455009,70.85069633003117
12.481182526847595,88.45484181141076,71.12784193389437,52.091124904014166,7.973675865389911,68.83838876413596
14.057755336234996,100.0,71.99000380253943,72.1441464214556,5.622084053496858,84.64352271187408
14.846459512355558,78.92221765046999,90.9383297021887,95.98772499227638,7.982533172505833,90.22905642518086
7.501431632648523,84.1915032766394,81.67476011280792,100.0,8.845518302095064,85.55936259339065
5.863543317057511,84.49383683710755,80.47065326497929,79.57076652161136,5.652946232506704,69.27629098798741
17.110707287594035,97.77453279763475,100.0,77.51266712416685,5.898996614782884,95.07934684973723
13.329256047918367,81.04704467613048,67.27778123543828,42.984133987708915,8.221193760212202,69.33504212680988
9.006053853773786,84.7902152577034,86.13408153697485,61.859893003989676,7.325794372990778,79.96535068040242
18.204607902090093,88.0789650971654,75.68415749876502,58.183243721376414,7.661771530287428,79.76971036648898
12.462698537171434,83.86609123156359,78.22310734635909,60.68728602623326,7.408707059680596,76.93306374188778
16.717188736255306,77.53566385449471,93.34162111695038,67.47784272122816,7.468835105113773,85.01096453559482
12.270073925640435,83.94089992898307,81.09402907547549,62.91864133454309,5.408233446026701,79.12032932034835
20.24299169952795,92.73631749859771,81.4595529485956,40.310502844363185,8.256781247945739,76.40569734482087
19.021363369772818,71.73484700588939,87.87008804771763,81.218653841763,8.403507990913328,93.68274159539703
11.004143406083706,83.32969674146877,70.62056724548538,53.9088546139029,6.724731107118367,66.82866322598608
15.886283803817422,74.99879185060827,64.92948399193193,73.58870296166724,6.947827660223365,77.60328579648336
14.58150379834059,93.95046628924842,62.4622896717476,100.0,5.162670996933134,86.70309365467288
17.474526230129396,66.76813095216225,51.40372092748798,56.20923112620365,7.617105707221402,70.61145839650672
8.140306157679582,76.41078152728412,99.67448555928387,32.04568715880505,7.686468930056973,63.0488554852686
14.744205839993757,85.7721187506452,61.7614996113398,65.70993667179833,6.925370779600827,75.39686691491643
16.23369794739835,97.65524029234341,72.34495651697074,86.51439452497857,8.349224031844603,95.48685224943914
4.965042054307543,81.34249738927012,71.67824040133296,99.37521181330891,6.5991073228240715,80.08139390927104
7.2669659493369,76.44800473306802,78.68888037370921,51.55675608321375,7.677527111072321,67.52328463056205
3.8430712889595977,100.0,84.78884655047156,77.45048834854782,5.776402793569462,70.71553223712124
10.922372662221768,67.51986099583756,85.32568186031695,63.0203431482992,6.971737418950914,68.64379353327314
14.870169023183848,60.01194043379918,68.00307073717273,68.41077468543797,6.790774890516597,77.04435486245124
18.00942820838411,86.40014450053333,72.99453943456307,100.0,7.27036950644913,97.14045315906019
12.2963791216791,76.97945775647389,78.39095940585959,47.4554450740727,6.55656768539997,73.64565608820025
18.51446218228517,71.78767182869287,72.01570648579744,73.8060949224186,6.842232885193999,79.87942904162028
6.4795941671404345,89.08356447299353,94.28814691223991,77.01539757648149,7.991256605729808,77.14028421448852
5.186470242579381,84.43800713771199,80.89169941965902,86.2867948740902,6.4758829153141395,67.93553810474796
11.777809204413526,76.35921369263272,83.8185334325978,71.46974730206342,5.072107479113585,74.04409957211016
13.536261795757229,69.19695601329106,82.95457522400895,74.62075809256153,9.099500685046504,84.74484928565609
11.869221007623628,90.72457328280144,89.08168628982389,64.12527148867314,8.657744894428584,77.6262321936902
3.7302315998404936,88.50201177958661,77.17225870444449,74.0369041186766,5.449284765873258,69.87890779789643
11.643519841948846,81.00824136220618,59.43801662452984,64.85211586753884,7.827649366294233,69.18131179348472
6.782121997980587,100.0,79.7962554210317,79.32357834784077,6.396430275338388,77.26423500773585
14.678690195320154,71.29915233673847,67.18371727449805,64.45584495934548,7.316184658397272,68.92695830674553
13.466392984387394,66.74474829075261,68.65659981900292,75.6565059085328,7.353068954816193,76.03860381000352
8.24048085469058,75.08091930118755,82.03636822506112,69.56105779472533,6.718710639620413,59.41660183331941
9.944532330653226,81.54413983644503,89.85939685720362,86.89075376158252,6.059481201296324,81.14167313149451
7.763145912444194,84.43339449322691,75.25525892083274,69.22909414617271,6.1713507372204885,63.43996956520152
11.749283610907312,79.5876394214367,78.70599615118756,43.40451297689678,5.900569701422509,70.44979865334032
15.820569282004953,85.52055396514297,95.42657933562285,88.92882251070988,6.0018133501234665,94.70557903698838
8.057095814657824,69.48460575809555,77.88903815386281,56.414015487060716,6.919386051940774,66.71056356965762
14.016186062071377,96.4376460407326,100.0,60.1935049202677,6.1410880130670975,88.34969222178043
9.878969526510236,81.17848821607431,81.78611574757853,61.065080589347616,7.818462478855144,68.30994770717449
8.828508670950622,93.17295831588127,53.87084689013019,90.61657139756227,8.784695386403113,83.770874964987
11.57187856018177,85.42725346377703,84.04009945325438,37.96488679031957,6.303936110355949,69.76999267703643
7.859030710322504,86.56753219153784,79.57390061859333,100.0,7.287285400642452,82.1930490074042
9.785402778611271,87.69767280232205,90.47703304899295,85.84085213599077,7.59962213236352,88.18286905914944
7.208488429644606,86.47708560017315,83.0781762152395,73.3485837119374,7.56640272510313,69.69124543902343
19.858900531665558,88.42722759867544,73.33852819219472,69.1765899907557,7.091146321499305,82.0160637337019
12.141054207886915,95.29152530132431,60.308421164527616,74.28331112286486,7.8912189020316665,73.81787425746408
9.201097968029657,83.9652116970147,72.4917209125677,77.81683642569007,7.578698743216789,72.94197045563863
12.855919642936888,89.09003757588512,64.7937545494884,79.67823378925085,5.514805093207243,73.06204317504171
11.55068780123668,81.10264305712774,68.03371860234333,78.33406699005172,8.042987277267128,81.77829700735211
11.116121601867109,96.40117215449473,82.06294085304731,71.34371021882873,8.06474900472009,78.70193713756338
14.4566668001737,75.2360769794073,95.03885405221688,67.03992369539012,6.084056674985702,82.13436372697636
15.03003084018922,100.0,79.73605835787578,67.73090074519732,7.045525402537122,80.03088171489003
9.87799540955789,81.59842049355656,60.64940325557779,67.07637579470979,7.819994791373283,61.70602253845038
9.69672703742128,67.69224897881952,80.33523201864169,87.00655145300597,6.7488234165047665,78.80529897171049
10.899793211393424,83.2810441491079,89.35957783974781,78.90335083421293,8.287573657319214,74.50901475212602
2.7923153410576607,75.1894834252512,67.68260514816741,25.894170480035797,9.836646993543233,48.20759328860397
5.939235751205791,90.40643548988724,73.39179399992499,79.83851164794642,6.0568167608380215,66.3516690550317
17.467497069778098,75.4737602069761,75.17625833675037,72.92104292078162,5.342746476215471,88.82179129913689
18.579870854005136,77.5381656678522,65.58122024301312,69.71936865331153,7.364582314725851,84.26077070487588
11.003855841774486,63.10459269054469,82.77936520612631,64.17222320366672,7.865875006151372,72.54115050653304
14.306227852223065,77.47693680750923,73.54862221670662,86.86169079979021,6.722960351386277,88.01095626962498
13.245000618174144,57.76120673371044,80.03438932688434,84.21289693184286,8.743912795985242,77.65115933665687
24.31552323382095,66.16097176514276,64.3500938663748,58.40683498264586,5.393673040332102,82.12154530282234
16.478299645738307,89.60414656144297,69.75050039611908,76.10578430686803,7.831502347637933,84.3536747785212
11.488329634076933,89.85800158650832,83.66857629393326,55.42514898188071,6.272967015089328,73.65509595341626
8.177838237598298,86.25457561784965,70.52600217489879,49.305727528166045,9.063253487448756,69.98011419676429
5.57421471896971,72.33023856870787,95.72356621480085,60.59924163115052,9.391018423801743,73.12200272283332
12.813854543468892,81.5228864385802,70.20436577262477,82.93590208574138,6.080012094659983,80.20261991814345
8.974597018862786,81.96397460909432,77.69621670902264,84.2968756806413,6.3405314369097034,70.44494868409419
6.310985161609303,70.41635310807457,86.19108998247708,77.6962813014594,8.031505464375762,69.46212530165516
9.413708463029893,97.0339830176715,57.97961120480362,80.87643680271995,6.535443220252582,73.39072213225865
7.67380798554242,90.77362290575671,53.87029425623069,77.74267430672438,6.945506538481314,69.43201731781727
18.74856654029026,79.79035826170336,56.692124225158864,60.37777607165572,7.030466104650892,70.87564425399805
15.526559027797802,82.26885838994531,90.15100924112619,76.47883817010911,4.696392212562813,93.68136573403282
11.968109434733531,84.08382807947552,68.37770224929064,82.00614287841523,6.983394704686916,84.42317308813338
17.919776555560105,61.58265131575709,100.0,81.31436994720362,6.172326671122992,91.54749366402528
12.309473230590473,79.52822617479403,68.22902881611134,87.83370057211964,6.408252613120274,79.91440374282858
8.554863194686945,75.18015752002202,77.21461563836445,80.62455770801596,8.732358404162577,75.2021594127498
18.09249630907863,71.98379990105084,93.50531943081451,75.27172311312374,5.492191726864893,82.81607804475189
14.155640174738634,79.18899707114045,99.07311465790947,86.05225357474642,7.975846224097573,90.44228423934955
7.851015382694174,99.97686526849523,99.73804291963677,69.6021811112641,6.66524448360183,80.07622811581139
11.238645287665568,88.4084286126701,89.50039476711771,56.771880231584234,6.664287797804999,69.3572833462506
8.497526986460972,76.28821010217203,87.28875030973755,67.55399554084354,7.948446275262054,74.80181260499782
6.468801076142656,87.72582781356158,82.1103233904142,58.82646032790326,7.408061553482669,67.34369047326226
